"","ST","STATE","ST_ABBR","STCNTY","COUNTY","FIPS","LOCATION","AREA_SQMI","E_TOTPOP","M_TOTPOP","E_HU","M_HU","E_HH","M_HH","E_POV150","M_POV150","E_UNEMP","M_UNEMP","E_HBURD","M_HBURD","E_NOHSDP","M_NOHSDP","E_UNINSUR","M_UNINSUR","E_AGE65","M_AGE65","E_AGE17","M_AGE17","E_DISABL","M_DISABL","E_SNGPNT","M_SNGPNT","E_LIMENG","M_LIMENG","E_MINRTY","M_MINRTY","E_MUNIT","M_MUNIT","E_MOBILE","M_MOBILE","E_CROWD","M_CROWD","E_NOVEH","M_NOVEH","E_GROUPQ","M_GROUPQ","EP_POV150","MP_POV150","EP_UNEMP","MP_UNEMP","EP_HBURD","MP_HBURD","EP_NOHSDP","MP_NOHSDP","EP_UNINSUR","MP_UNINSUR","EP_AGE65","MP_AGE65","EP_AGE17","MP_AGE17","EP_DISABL","MP_DISABL","EP_SNGPNT","MP_SNGPNT","EP_LIMENG","MP_LIMENG","EP_MINRTY","MP_MINRTY","EP_MUNIT","MP_MUNIT","EP_MOBILE","MP_MOBILE","EP_CROWD","MP_CROWD","EP_NOVEH","MP_NOVEH","EP_GROUPQ","MP_GROUPQ","EPL_POV150","EPL_UNEMP","EPL_HBURD","EPL_NOHSDP","EPL_UNINSUR","SPL_THEME1","RPL_THEME1","EPL_AGE65","EPL_AGE17","EPL_DISABL","EPL_SNGPNT","EPL_LIMENG","SPL_THEME2","RPL_THEME2","EPL_MINRTY","SPL_THEME3","RPL_THEME3","EPL_MUNIT","EPL_MOBILE","EPL_CROWD","EPL_NOVEH","EPL_GROUPQ","SPL_THEME4","RPL_THEME4","SPL_THEMES","RPL_THEMES","F_POV150","F_UNEMP","F_HBURD","F_NOHSDP","F_UNINSUR","F_THEME1","F_AGE65","F_AGE17","F_DISABL","F_SNGPNT","F_LIMENG","F_THEME2","F_MINRTY","F_THEME3","F_MUNIT","F_MOBILE","F_CROWD","F_NOVEH","F_GROUPQ","F_THEME4","F_TOTAL","E_DAYPOP","E_NOINT","M_NOINT","E_AFAM","M_AFAM","E_HISP","M_HISP","E_ASIAN","M_ASIAN","E_AIAN","M_AIAN","E_NHPI","M_NHPI","E_TWOMORE","M_TWOMORE","E_OTHERRACE","M_OTHERRACE","EP_NOINT","MP_NOINT","EP_AFAM","MP_AFAM","EP_HISP","MP_HISP","EP_ASIAN","MP_ASIAN","EP_AIAN","MP_AIAN","EP_NHPI","MP_NHPI","EP_TWOMORE","MP_TWOMORE","EP_OTHERRACE","MP_OTHERRACE","GeoLevel","Comparison","STATE_NAME","STATE_ABBR","COUNTY_FIPS","COUNTY_NAME"
"1","12","Florida","FL","12001","Alachua County","12001","Alachua County, Florida",875.644952844696,279729,0,123751,166,108597,1024,74755,3179,7111,929,35430,1602,10776,942,21942,1608,41025,55,49377,44,31832,1528,5737,753,2855,500,113055,722,25263,1454,8155,655,2089,447,7763,846,18471,379,28.4,1.2,5.1,0.7,32.6,1.4,6.4,0.6,7.9,0.6,14.7,0.1,17.7,0.1,11.5,0.6,5.2,0.7,1.1,0.2,40.4,0.3,20.4,1.2,6.6,0.5,2,0.4,7.1,0.8,6.6,0.1,0.7315,0.5787,0.9742,0.1495,0.4556,2.8895,0.629,0.1295,0.0986,0.1311,0.4486,0.6131,1.4209,0.0309,0.7881,0.7881,0.7881,0.9755,0.3411,0.5415,0.7346,0.8727,3.4654,0.9357,8.5639,0.6099,0,0,1,0,0,1,0,0,0,0,0,0,0,0,1,0,0,0,0,1,2,311372,13547,1191,53526,862,30387,0,16581,642,429,113,164,56,10564,1283,1404,545,12.5,1.1,19.1,0.3,10.9,0,5.9,0.2,0.2,0.1,0.1,0.1,3.8,0.5,0.5,0.2,"County","National","Florida","FL","12001","Alachua County"
"2","12","Florida","FL","12003","Baker County","12003","Baker County, Florida",585.229848181042,27969,0,9890,37,9004,228,5346,1094,595,258,1843,398,2812,467,2805,666,4170,181,6575,88,3822,396,641,260,92,146,6127,354,59,79,3446,467,198,119,363,157,2970,62,21.5,4.4,4.9,2.1,20.5,4.4,14.9,2.5,11.3,2.7,14.9,0.6,23.5,0.3,15.4,1.6,7.1,2.9,0.3,0.6,21.9,1.3,0.6,0.8,34.8,4.7,2.2,1.3,4,1.7,10.6,0.2,0.4209,0.5393,0.4079,0.7553,0.7121,2.8355,0.6118,0.1384,0.7117,0.4699,0.7601,0.2475,2.3276,0.4073,0.5558,0.5558,0.5558,0.1088,0.9736,0.6083,0.2491,0.9421,2.8819,0.7051,8.6008,0.6188,0,0,0,0,0,0,0,0,0,0,0,0,0,0,0,1,0,0,1,2,2,24508,1237,292,3217,305,883,0,195,69,51,64,0,28,1770,467,11,22,13.7,3.2,11.5,1.1,3.2,0,0.7,0.2,0.2,0.2,0,0.2,6.3,1.7,0,0.1,"County","National","Florida","FL","12003","Baker County"
"3","12","Florida","FL","12005","Bay County","12005","Bay County, Florida",758.598038494114,181055,0,104428,65,74678,1150,37349,2376,3575,499,22029,1303,12469,960,24179,1838,32777,109,37708,0,34286,1588,5011,571,3099,560,45312,567,21822,1201,12296,872,2098,402,2971,441,2654,43,20.9,1.3,4,0.6,29.5,1.7,9.6,0.7,13.7,1,18.1,0.1,20.8,0,19.5,0.9,6.7,0.8,1.8,0.3,25,0.3,20.9,1.2,11.8,0.8,2.8,0.5,4,0.6,1.5,0,0.3904,0.3509,0.9268,0.4276,0.8221,2.9178,0.6405,0.3684,0.3443,0.7836,0.7127,0.7534,2.9624,0.8126,0.6083,0.6083,0.6083,0.9774,0.5711,0.7362,0.2491,0.3299,2.8637,0.6952,9.3522,0.7407,0,0,1,0,0,1,0,0,0,0,0,0,0,0,1,0,0,0,0,1,2,178356,7029,779,18507,691,12980,0,3681,359,405,150,237,43,8267,836,1235,650,9.4,1,10.2,0.4,7.2,0,2,0.2,0.2,0.1,0.1,0.1,4.6,0.5,0.7,0.4,"County","National","Florida","FL","12005","Bay County"
"4","12","Florida","FL","12007","Bradford County","12007","Bradford County, Florida",293.965915644978,27816,0,10771,47,9067,372,6787,1044,656,272,2576,453,3600,409,2615,430,4955,111,5474,62,4346,518,714,280,14,109,7633,118,530,200,3177,388,187,100,632,216,3769,55,28.4,4.4,5.8,2.4,28.4,4.9,17.9,2,10.9,1.8,17.8,0.4,19.7,0.2,18.1,2.2,7.9,3.1,0.1,0.4,27.4,0.4,4.9,1.9,29.5,3.6,2,1.1,7,2.3,13.5,0.2,0.7315,0.7082,0.896,0.861,0.6822,3.8789,0.9144,0.3427,0.237,0.6974,0.8422,0.0856,2.2049,0.3198,0.6354,0.6354,0.6354,0.6774,0.9405,0.5415,0.7203,0.9628,3.8425,0.9901,10.5617,0.8867,0,0,0,0,0,0,0,0,0,0,0,0,0,0,0,1,0,0,1,2,2,24224,1496,301,4800,349,1315,0,260,8,17,16,0,28,1235,354,6,10,16.5,3.2,17.3,1.3,4.7,0,0.9,0.1,0.1,0.1,0,0.2,4.4,1.3,0,0.1,"County","National","Florida","FL","12007","Bradford County"
"5","12","Florida","FL","12009","Brevard County","12009","Brevard County, Florida",1014.9725441119,610723,0,290314,143,246650,1940,108284,4669,13911,1057,64892,2118,33334,1706,60648,2826,146692,12,110393,0,98179,3283,10840,1031,7554,993,170891,1371,37276,1397,20843,970,3779,560,11511,827,7565,127,18,0.8,4.9,0.4,26.3,0.8,7.3,0.4,10,0.5,24,0.1,18.1,0,16.3,0.5,4.4,0.4,1.3,0.2,28,0.2,12.8,0.5,7.2,0.3,1.5,0.2,4.7,0.3,1.2,0,0.2485,0.5393,0.8209,0.2294,0.6185,2.4566,0.4833,0.8403,0.1219,0.5479,0.2787,0.6612,2.45,0.4913,0.6424,0.6424,0.6424,0.916,0.3672,0.3608,0.3751,0.2119,2.231,0.3659,7.78,0.4817,0,0,0,0,0,0,0,0,0,0,0,0,0,0,1,0,0,0,0,1,1,591383,21316,1113,56385,1649,69355,0,14281,983,773,177,460,103,25642,2034,3995,916,8.6,0.4,9.2,0.3,11.4,0,2.3,0.2,0.1,0.1,0.1,0.1,4.2,0.3,0.7,0.2,"County","National","Florida","FL","12009","Brevard County"
"6","12","Florida","FL","12011","Broward County","12011","Broward County, Florida",1202.90878875548,1940907,0,859621,309,741973,2621,402237,10517,60132,2324,271861,4969,138313,3625,268016,7560,335342,93,405002,18,213876,4286,51275,2117,136524,4382,1299607,2328,307284,4134,23268,1514,32926,1463,51202,1998,18434,226,20.9,0.5,5.8,0.2,36.6,0.7,10,0.3,13.9,0.4,17.3,0.1,20.9,0.1,11.1,0.2,6.9,0.3,7.4,0.2,67,0.1,35.8,0.5,2.7,0.2,4.4,0.2,6.9,0.3,0.9,0,0.3904,0.7082,0.9933,0.461,0.8326,3.3855,0.791,0.3003,0.3548,0.104,0.7337,0.9599,2.4527,0.4935,0.9481,0.9481,0.9481,0.9955,0.1254,0.8982,0.7073,0.1091,2.8355,0.6777,9.6218,0.7814,0,0,1,0,0,1,0,0,0,0,1,1,1,1,1,0,0,0,0,1,4,1844999,75275,2582,534904,3222,610462,0,69448,1152,2695,375,1037,151,65843,3711,15218,1590,10.1,0.3,27.6,0.2,31.5,0,3.6,0.1,0.1,0.1,0.1,0.1,3.4,0.2,0.8,0.1,"County","National","Florida","FL","12011","Broward County"
"7","12","Florida","FL","12013","Calhoun County","12013","Calhoun County, Florida",567.336192690894,13753,0,5680,30,4448,227,4003,670,173,86,892,218,2079,307,2348,457,2518,98,2683,2,2881,445,310,115,86,93,3404,130,35,29,1961,270,178,102,303,126,1798,23,33.6,5.6,3.7,1.8,20.1,4.8,20.7,3,19.6,3.8,18.3,0.7,19.5,0.1,24.1,3.7,7,2.6,0.7,0.7,24.8,0.9,0.7,0.5,34.5,4.7,4,2.3,6.8,2.8,13.1,0.2,0.8696,0.2924,0.3735,0.9316,0.9555,3.4226,0.7989,0.3926,0.2167,0.9481,0.7493,0.4776,2.7843,0.7124,0.6045,0.6045,0.6045,0.1254,0.9707,0.8721,0.6949,0.9612,3.6243,0.9628,10.4357,0.8756,0,0,0,1,1,2,0,0,1,0,0,1,0,0,0,1,0,0,1,2,5,11725,933,198,1707,140,874,0,31,36,146,87,0,23,558,210,88,97,21,4.3,12.4,1,6.4,0,0.2,0.3,1.1,0.6,0,0.4,4.1,1.5,0.6,0.7,"County","National","Florida","FL","12013","Calhoun County"
"8","12","Florida","FL","12015","Charlotte County","12015","Charlotte County, Florida",681.117432773254,189900,0,111330,74,84671,1102,35168,1917,4087,585,22854,1268,12712,916,19082,1510,76614,105,22419,0,40348,1932,2993,566,2437,521,33623,455,10433,805,12272,807,1067,247,3812,550,4007,94,18.9,1,5.7,0.8,27,1.5,8.1,0.6,10.2,0.8,40.3,0.1,11.8,0,21.7,1,3.5,0.7,1.3,0.3,17.7,0.2,9.4,0.7,11,0.7,1.3,0.3,4.5,0.6,2.1,0,0.294,0.6939,0.8482,0.3058,0.6328,2.7747,0.5908,0.9987,0.0048,0.8864,0.1339,0.6612,2.685,0.6554,0.489,0.489,0.489,0.8514,0.5367,0.2765,0.3369,0.5145,2.516,0.5145,8.4647,0.5953,0,0,0,0,0,0,1,0,0,0,0,1,0,0,0,0,0,0,0,0,1,180463,8565,831,9634,440,15266,0,2416,194,226,107,72,60,5347,651,662,262,10.1,1,5.1,0.2,8,0,1.3,0.1,0.1,0.1,0,0.1,2.8,0.3,0.3,0.1,"County","National","Florida","FL","12015","Charlotte County"
"9","12","Florida","FL","12017","Citrus County","12017","Citrus County, Florida",581.92112740084,155173,0,82142,69,67551,981,37101,2777,3827,688,15899,1137,11843,967,16469,1527,56413,103,22889,0,33132,1710,2511,483,1151,343,21340,433,1178,284,17019,818,856,233,3155,422,2767,37,24.4,1.8,7.2,1.2,23.5,1.6,9.6,0.8,10.8,1,36.4,0.1,14.8,0,21.7,1.1,3.7,0.7,0.8,0.2,13.8,0.3,1.4,0.3,20.7,1,1.3,0.3,4.7,0.6,1.8,0,0.5651,0.8616,0.6583,0.4276,0.6742,3.1868,0.7321,0.9952,0.0207,0.8864,0.1607,0.518,2.581,0.5857,0.3977,0.3977,0.3977,0.2494,0.8253,0.2765,0.3751,0.4321,2.1584,0.3264,8.3239,0.5698,0,0,0,0,0,0,1,0,0,0,0,1,0,0,0,0,0,0,0,0,1,148035,7837,724,3305,663,9981,0,2128,301,435,147,42,46,4809,769,640,310,11.6,1.1,2.1,0.4,6.4,0,1.4,0.2,0.3,0.1,0,0.1,3.1,0.5,0.4,0.2,"County","National","Florida","FL","12017","Citrus County"
"10","12","Florida","FL","12019","Clay County","12019","Clay County, Florida",604.597465816882,219650,0,85593,73,79704,770,36202,3547,4676,686,17393,1346,11348,1107,18883,1826,36299,52,50346,83,28849,1589,4953,737,3002,701,65818,522,3934,554,10665,937,1623,467,2898,578,1737,18,16.7,1.6,4.3,0.6,21.8,1.7,7.5,0.7,8.7,0.8,16.5,0.1,22.9,0.1,13.4,0.7,6.2,0.9,1.4,0.3,30,0.2,4.6,0.6,12.5,1.1,2,0.6,3.6,0.7,0.8,0,0.1957,0.4038,0.5177,0.2488,0.5256,1.8916,0.2978,0.2358,0.6312,0.2832,0.6408,0.6834,2.4744,0.5087,0.6647,0.6647,0.6647,0.6535,0.5962,0.5415,0.196,0.0875,2.0747,0.2857,7.1054,0.3649,0,0,0,0,0,0,0,0,0,0,0,0,0,0,0,0,0,0,0,0,0,166530,4826,621,24542,1213,23711,0,6240,510,87,52,45,61,9708,1063,1485,810,6.1,0.8,11.2,0.6,10.8,0,2.8,0.2,0,0.1,0,0.1,4.4,0.5,0.7,0.4,"County","National","Florida","FL","12019","Clay County"
"11","12","Florida","FL","12021","Collier County","12021","Collier County, Florida",1996.84669388854,380221,0,229814,119,156768,2091,65160,3984,7238,1152,44957,1907,30512,1774,44493,2538,124784,76,63332,20,43042,1751,6635,830,27041,1891,146312,634,63061,2047,11189,876,6256,676,7270,949,4502,70,17.3,1.1,4.3,0.7,28.7,1.2,10.5,0.6,11.8,0.7,32.8,0.1,16.7,0.1,11.4,0.5,4.2,0.5,7.4,0.5,38.5,0.2,27.4,0.9,4.9,0.4,4,0.4,4.6,0.6,1.2,0,0.2173,0.4038,0.9052,0.5002,0.7391,2.7656,0.588,0.9844,0.0592,0.1254,0.2412,0.9599,2.3701,0.4362,0.7636,0.7636,0.7636,0.9895,0.2529,0.8721,0.3551,0.2119,2.6815,0.5953,8.5808,0.6141,0,0,1,0,0,1,1,0,0,0,1,2,0,0,1,0,0,0,0,1,4,378225,14560,1215,24232,722,108822,0,5338,362,227,147,4,8,6825,944,864,463,9.3,0.7,6.4,0.2,28.6,0,1.4,0.1,0.1,0.1,0,0.1,1.8,0.2,0.2,0.1,"County","National","Florida","FL","12021","Collier County"
"12","12","Florida","FL","12023","Columbia County","12023","Columbia County, Florida",797.37672491267,69832,0,29835,38,26391,427,18332,1351,2047,390,5583,622,6895,769,8594,837,13720,103,15466,41,13216,1023,1638,361,454,222,19949,260,1275,309,10791,669,943,273,1187,310,4475,40,28.2,2.1,6.9,1.3,21.2,2.3,14.2,1.6,13.2,1.3,19.6,0.1,22.1,0.1,20.2,1.6,6.2,1.4,0.7,0.3,28.6,0.4,4.3,1,36.2,2.2,3.6,1,4.5,1.2,6.4,0.1,0.7245,0.8403,0.4693,0.7184,0.8015,3.554,0.8311,0.5231,0.5138,0.8218,0.6408,0.4776,2.9771,0.818,0.6487,0.6487,0.6487,0.6287,0.9803,0.8412,0.3369,0.8664,3.6535,0.9701,10.8333,0.9138,0,0,0,0,0,0,0,0,0,0,0,0,0,0,0,1,0,0,0,1,1,69190,4025,537,11590,473,4730,0,659,157,67,39,21,32,2387,519,495,245,15.3,2,16.6,0.7,6.8,0,0.9,0.2,0.1,0.1,0,0.1,3.4,0.7,0.7,0.4,"County","National","Florida","FL","12023","Columbia County"
"13","12","Florida","FL","12027","DeSoto County","12027","DeSoto County, Florida",636.694471024274,34258,0,15567,79,12340,392,13082,1316,1331,556,2957,443,6720,639,6388,836,7630,103,6261,20,6209,689,1019,242,1890,458,15790,89,340,149,4781,408,750,224,765,205,3176,143,40.1,4,9.7,4,24,3.5,26.9,2.5,19.6,2.6,22.3,0.3,18.3,0.1,19,2.1,8.3,1.9,5.8,1.4,46.1,0.3,2.1,1,30.7,2.6,6,1.8,6.2,1.6,9.3,0.4,0.9586,0.9609,0.6892,0.9831,0.9555,4.5473,0.992,0.7525,0.1343,0.7572,0.8762,0.9411,3.4613,0.9656,0.8447,0.8447,0.8447,0.3659,0.9523,0.951,0.6223,0.9268,3.8183,0.9876,12.6716,0.9981,1,1,0,1,1,4,0,0,0,0,1,1,0,0,0,1,1,0,1,3,8,30087,2946,378,4180,215,10979,0,54,68,52,24,4,8,459,211,62,70,23.9,2.9,12.2,0.6,32,0,0.2,0.2,0.2,0.1,0,0.1,1.3,0.6,0.2,0.2,"County","National","Florida","FL","12027","Desoto County"
"14","12","Florida","FL","12029","Dixie County","12029","Dixie County, Florida",705.034217687082,16737,0,9304,49,6164,338,4948,774,293,104,964,221,2408,363,2434,411,3969,93,2985,72,3905,389,170,96,106,116,2834,18,15,27,4707,338,297,117,314,139,1536,40,32.7,5.1,5.1,1.8,15.6,3.5,19.2,2.9,16,2.7,23.7,0.6,17.8,0.4,25.7,2.6,2.8,1.5,0.7,0.7,16.9,0.1,0.2,0.3,50.6,3.6,4.8,1.9,5.1,2.2,9.2,0.2,0.8514,0.5787,0.0853,0.9023,0.8902,3.3079,0.7681,0.8288,0.1018,0.9698,0.0675,0.4776,2.4455,0.4884,0.4699,0.4699,0.4699,0.0414,0.9981,0.9176,0.4454,0.9255,3.328,0.8944,9.5513,0.7719,0,0,0,1,0,1,0,0,1,0,0,1,0,0,0,1,1,0,1,3,5,14222,1701,380,1337,185,751,0,51,32,75,90,0,23,608,201,12,18,27.6,5.7,8,1.1,4.5,0,0.3,0.2,0.4,0.5,0,0.3,3.6,1.2,0.1,0.1,"County","National","Florida","FL","12029","Dixie County"
"15","12","Florida","FL","12031","Duval County","12031","Duval County, Florida",762.616912435794,995708,0,437330,269,396132,1952,226783,6164,23638,1437,124863,3257,63382,2614,113905,4807,146674,59,222816,0,126134,3111,31319,1622,25458,1956,496621,1993,84127,3322,17484,1266,8843,1018,28321,1640,23771,539,23.3,0.6,4.7,0.3,31.5,0.8,9.3,0.4,11.7,0.5,14.7,0.1,22.4,0,13,0.3,7.9,0.4,2.7,0.2,49.9,0.2,19.3,0.8,4,0.3,2.3,0.3,7.1,0.4,2.4,0.1,0.5119,0.4954,0.9625,0.4031,0.734,3.1069,0.7105,0.1295,0.5616,0.2514,0.8422,0.8361,2.6208,0.6144,0.8711,0.8711,0.8711,0.9707,0.1976,0.636,0.7346,0.5765,3.1154,0.8062,9.7142,0.7935,0,0,1,0,0,1,0,0,0,0,0,0,0,0,1,0,0,0,0,1,2,1125589,42301,2024,287418,2335,109800,0,46484,1434,1310,269,650,219,43762,2603,7197,1656,10.7,0.5,28.9,0.2,11,0,4.7,0.1,0.1,0.1,0.1,0.1,4.4,0.3,0.7,0.2,"County","National","Florida","FL","12031","Duval County"
"16","12","Florida","FL","12033","Escambia County","12033","Escambia County, Florida",656.993752400012,321296,0,146123,275,126537,945,72116,3313,9275,924,37080,1639,20152,1257,35489,2217,56282,67,66849,109,51287,1860,8869,880,3887,640,119257,682,16428,1087,8687,735,2433,432,8689,913,18385,523,23.9,1.1,6.2,0.6,29.3,1.3,9.2,0.6,11.6,0.7,17.5,0.1,20.8,0.1,16.8,0.6,7,0.7,1.3,0.2,37.1,0.2,11.2,0.7,5.9,0.5,2,0.3,6.9,0.7,5.7,0.2,0.5444,0.7671,0.9201,0.3958,0.7273,3.3547,0.783,0.3159,0.3443,0.5953,0.7493,0.6612,2.666,0.644,0.7474,0.7474,0.7474,0.8899,0.3073,0.5415,0.7073,0.8422,3.2882,0.8801,10.0563,0.839,0,0,1,0,0,1,0,0,0,0,0,0,0,0,0,0,0,0,0,0,1,340491,15133,964,69147,1464,19636,0,9296,673,646,151,282,103,19114,1810,1136,424,12,0.8,21.5,0.5,6.1,0,2.9,0.2,0.2,0.1,0.1,0.1,5.9,0.6,0.4,0.1,"County","National","Florida","FL","12033","Escambia County"
"17","12","Florida","FL","12035","Flagler County","12035","Flagler County, Florida",486.191085552096,117515,0,56326,52,47549,607,20229,1794,1887,376,12906,1009,7037,853,13209,1466,36297,66,19306,33,17989,1227,2036,387,2660,632,31319,459,3887,477,2237,342,315,127,1703,367,715,18,17.4,1.5,3.8,0.7,27.1,2.1,7.7,0.9,11.3,1.3,30.9,0.1,16.4,0.1,15.4,1,4.2,0.8,2.3,0.6,26.7,0.4,6.9,0.8,4,0.6,0.6,0.3,3.6,0.8,0.6,0,0.2214,0.3115,0.8517,0.2692,0.7121,2.3659,0.4559,0.9736,0.0519,0.4699,0.2412,0.8066,2.5432,0.5597,0.6277,0.6277,0.6277,0.7824,0.1976,0.0722,0.196,0.0538,1.302,0.0554,6.8388,0.3121,0,0,0,0,0,0,1,0,0,0,0,1,0,0,0,0,0,0,0,0,1,96697,8459,823,10770,448,13212,0,2776,363,163,116,132,173,3854,577,412,334,17.8,1.7,9.2,0.4,11.2,0,2.4,0.3,0.1,0.1,0.1,0.1,3.3,0.5,0.4,0.3,"County","National","Florida","FL","12035","Flagler County"
"18","12","Florida","FL","12037","Franklin County","12037","Franklin County, Florida",544.9983591647,12276,0,8415,22,4761,229,3591,543,414,202,1062,200,1905,316,1902,400,3103,58,1932,0,2507,371,149,88,164,129,2791,294,186,88,1409,233,98,81,316,123,1544,21,33.5,5.1,8.9,4.2,22.3,4.1,19.6,3.3,17.7,3.7,25.3,0.5,15.7,0,23.3,3.5,3.1,1.8,1.4,1.1,22.7,2.4,2.2,1,16.7,2.8,2.1,1.7,6.6,2.5,12.6,0.2,0.868,0.9408,0.5574,0.9087,0.9281,4.203,0.9644,0.8867,0.035,0.929,0.0907,0.6834,2.6248,0.6176,0.5711,0.5711,0.5711,0.3853,0.7238,0.5759,0.6723,0.959,3.3163,0.8902,10.7152,0.9017,0,1,0,1,1,3,0,0,1,0,0,1,0,0,0,0,0,0,1,1,5,11524,723,200,1321,168,674,0,44,52,9,16,0,23,557,265,186,213,15.2,4,10.8,1.4,5.5,0,0.4,0.4,0.1,0.1,0,0.4,4.5,2.2,1.5,1.7,"County","National","Florida","FL","12037","Franklin County"
"19","12","Florida","FL","12039","Gadsden County","12039","Gadsden County, Florida",516.374854190764,43746,0,18946,45,15885,386,14519,1296,734,228,3745,489,6020,576,5828,770,8416,90,9673,0,8195,763,1339,286,1022,293,29866,127,212,127,5193,506,319,110,1555,309,3671,75,35.5,3.2,4.3,1.3,23.6,3,19.7,1.9,14.2,1.9,19.2,0.2,22.1,0,19.9,1.9,8.4,1.8,2.5,100,68.3,0.3,1.1,0.7,27.4,2.7,2,0.7,9.8,1.9,8.4,0.2,0.9087,0.4038,0.664,0.9131,0.8428,3.7324,0.8855,0.4871,0.5138,0.805,0.8826,0.8244,3.5129,0.971,0.9532,0.9532,0.9532,0.1969,0.9224,0.5415,0.9144,0.9109,3.4861,0.9405,11.6846,0.9742,1,0,0,1,0,2,0,0,0,0,0,0,1,1,0,1,0,1,1,3,6,41305,4467,467,23853,380,4874,0,17,22,144,130,0,31,943,354,35,35,28.1,2.8,54.5,0.9,11.1,0,0,0.1,0.3,0.3,0,0.1,2.2,0.8,0.1,0.1,"County","National","Florida","FL","12039","Gadsden County"
"20","12","Florida","FL","12041","Gilchrist County","12041","Gilchrist County, Florida",349.694732374242,18070,0,7579,27,6872,175,4024,666,244,95,1125,231,1807,283,2309,419,3628,47,3591,73,3451,507,505,142,298,127,2272,40,18,14,3677,298,192,92,516,144,1000,27,23.7,3.9,3.1,1.2,16.4,3.3,14,2.2,13.5,2.5,20.1,0.3,19.9,0.4,20.2,3,7.3,2.1,1.7,0.7,12.6,0.2,0.2,0.2,48.5,3.9,2.8,1.3,7.5,2.1,5.5,0.1,0.5336,0.1864,0.1193,0.7092,0.8129,2.3614,0.455,0.5784,0.2507,0.8218,0.7817,0.7369,3.1695,0.896,0.3697,0.3697,0.3697,0.0414,0.9968,0.7362,0.7792,0.8361,3.3897,0.9141,9.2903,0.7337,0,0,0,0,0,0,0,0,0,0,0,0,0,0,0,1,0,0,0,1,1,13831,1487,259,563,96,1125,0,47,39,11,11,3,5,505,95,18,21,21.6,3.8,3.1,0.5,6.2,0,0.3,0.2,0.1,0.1,0,0.1,2.8,0.5,0.1,0.1,"County","National","Florida","FL","12041","Gilchrist County"
"21","12","Florida","FL","12043","Glades County","12043","Glades County, Florida",806.821655125904,12179,0,6554,33,4637,249,4021,570,206,118,1058,240,2573,370,2295,379,3266,142,1763,156,2110,239,199,108,665,304,5243,57,0,32,3331,344,229,140,91,62,1444,50,36.9,5.2,5.4,3,22.8,5,26.9,3.7,20.9,3.4,26.8,1.2,14.5,1.3,19.2,2.2,4.2,2.3,5.7,2.6,43,0.5,0,0.5,50.8,5.2,5,3,2,1.3,11.9,0.4,0.9281,0.6386,0.6007,0.9831,0.9682,4.1187,0.9516,0.922,0.0153,0.7696,0.2412,0.9399,2.888,0.7735,0.8088,0.8088,0.8088,0,0.9984,0.9265,0.0423,0.9535,2.9207,0.7229,10.7362,0.9058,1,0,0,1,1,3,1,0,0,0,1,2,0,0,0,1,1,0,1,3,8,9088,1153,262,1847,14,2700,0,63,69,430,71,0,23,111,79,92,101,24.9,5.1,15.2,0.1,22.2,0,0.5,0.6,3.5,0.6,0,0.4,0.9,0.6,0.8,0.8,"County","National","Florida","FL","12043","Glades County"
"22","12","Florida","FL","12045","Gulf County","12045","Gulf County, Florida",553.460586428554,15002,0,8984,57,5648,318,2891,461,238,116,1298,263,1695,267,1150,256,3493,100,2242,155,2851,395,311,137,76,104,3382,66,223,124,1657,274,125,73,227,128,2620,124,23.4,3.7,4.3,2.1,23,4.5,14.3,2.2,9.3,2.1,23.3,0.7,14.9,1,23,3.2,5.5,2.4,0.5,0.7,22.5,0.4,2.5,1.4,18.4,3,2.3,1.3,4,2.2,17.5,0.8,0.517,0.4038,0.6157,0.7264,0.5727,2.8356,0.6125,0.8085,0.0216,0.9205,0.5103,0.377,2.6379,0.6252,0.5667,0.5667,0.5667,0.4302,0.7687,0.636,0.2491,0.9803,3.0643,0.7856,9.1045,0.7082,0,0,0,0,0,0,0,0,1,0,0,1,0,0,0,0,0,0,1,1,2,13989,914,188,2218,89,590,0,57,37,39,31,0,23,467,128,11,19,16.2,3.2,14.8,0.6,3.9,0,0.4,0.2,0.3,0.2,0,0.3,3.1,0.9,0.1,0.1,"County","National","Florida","FL","12045","Gulf County"
"23","12","Florida","FL","12047","Hamilton County","12047","Hamilton County, Florida",514.295025805998,13492,0,5630,36,4300,208,3976,453,373,149,984,204,2285,245,1634,340,2564,60,2714,41,2101,334,341,104,206,140,6068,12,72,74,2408,235,141,91,258,92,2679,51,37.2,4.2,9.2,3.8,22.9,4.6,22.9,2.4,15.1,3.1,19,0.4,20.1,0.3,19.4,3.1,7.9,2.4,1.6,1.1,45,0.1,1.2,1.3,42.8,4.1,3.2,2.1,6,2.2,19.9,0.4,0.9322,0.9488,0.6071,0.9577,0.8705,4.3163,0.9777,0.4677,0.2698,0.7782,0.8422,0.7197,3.0776,0.8622,0.8317,0.8317,0.8317,0.2141,0.993,0.7973,0.5959,0.9854,3.5857,0.9574,11.8113,0.9803,1,1,0,1,0,3,0,0,0,0,0,0,0,0,0,1,0,0,1,2,5,12564,1102,168,4222,115,1445,0,69,58,100,40,0,23,232,93,0,23,25.6,3.7,31.3,0.9,10.7,0,0.5,0.4,0.7,0.3,0,0.4,1.7,0.7,0,0.4,"County","National","Florida","FL","12047","Hamilton County"
"24","12","Florida","FL","12049","Hardee County","12049","Hardee County, Florida",637.569079699428,25528,0,9837,24,8127,303,9836,1194,852,225,2090,382,3658,474,3459,505,4007,93,6490,27,3418,350,605,266,1696,427,13903,116,293,178,2377,310,639,198,399,152,1954,33,41.6,5,8.7,2.2,25.7,4.6,22.1,2.9,14.5,2.1,15.7,0.4,25.4,0.1,14.3,1.5,7.4,3.3,7.1,1.8,54.5,0.5,2.9,1.8,24.2,3.1,7.8,2.4,4.9,1.9,7.7,0.1,0.9685,0.9338,0.7945,0.95,0.8514,4.4982,0.9876,0.1775,0.8781,0.3662,0.7935,0.957,3.1723,0.8979,0.8899,0.8899,0.8899,0.4804,0.8832,0.9742,0.412,0.8985,3.6483,0.9685,12.2087,0.993,1,1,0,1,0,3,0,0,0,0,1,1,0,0,0,0,1,0,0,1,5,24361,2092,309,1628,243,11310,0,270,44,3,6,0,28,645,264,47,73,25.7,3.7,6.4,1,44.3,0,1.1,0.2,0,0.1,0,0.2,2.5,1,0.2,0.3,"County","National","Florida","FL","12049","Hardee County"
"25","12","Florida","FL","12051","Hendry County","12051","Hendry County, Florida",1155.94938937721,39902,0,15227,32,13289,365,14756,1251,1112,372,4059,589,7806,872,8489,1102,5340,138,10129,67,4797,659,1300,344,5051,828,28355,246,224,150,5173,641,510,238,976,355,2230,62,37.7,3.2,5.8,1.9,30.5,4.4,30.5,3.3,21.7,2.8,13.4,0.3,25.4,0.2,12.2,1.7,9.8,2.6,13.6,2.2,71.1,0.6,1.5,1,34,4.2,3.8,1.8,7.3,2.7,5.6,0.2,0.936,0.7082,0.9475,0.9936,0.9733,4.5586,0.993,0.0748,0.8781,0.1849,0.9395,0.9908,3.0681,0.8575,0.9625,0.9625,0.9625,0.2695,0.9691,0.8587,0.7572,0.839,3.6935,0.9761,12.2827,0.9946,1,0,1,1,1,4,0,0,0,1,1,2,1,1,0,1,0,0,0,1,8,38060,2578,429,4129,173,22789,0,373,30,465,66,0,31,599,347,0,31,19.4,3.3,10.3,0.4,57.1,0,0.9,0.1,1.2,0.2,0,0.1,1.5,0.9,0,0.1,"County","National","Florida","FL","12051","Hendry County"
"26","12","Florida","FL","12053","Hernando County","12053","Hernando County, Florida",472.968414065344,196621,0,89635,135,79169,689,44523,2596,4955,672,19727,1152,15671,1029,24448,1977,52781,83,36103,0,37013,1547,3796,508,2556,476,50756,595,2531,378,14276,602,1124,282,4010,403,2121,34,23,1.3,5.9,0.8,24.9,1.4,10.6,0.7,12.6,1,26.8,0.1,18.4,0,19,0.8,4.8,0.6,1.4,0.3,25.8,0.3,2.8,0.4,15.9,0.7,1.4,0.4,5.1,0.5,1.1,0,0.497,0.7251,0.7442,0.5078,0.7795,3.2536,0.7537,0.922,0.1394,0.7572,0.3624,0.6834,2.8644,0.7623,0.6185,0.6185,0.6185,0.4655,0.7025,0.3198,0.4454,0.1798,2.113,0.3048,8.8495,0.6602,0,0,0,0,0,0,1,0,0,0,0,1,0,0,0,0,0,0,0,0,1,169591,7887,607,9677,514,30693,0,2438,301,412,113,211,203,5913,867,1412,416,10,0.8,4.9,0.3,15.6,0,1.2,0.2,0.2,0.1,0.1,0.1,3,0.4,0.7,0.2,"County","National","Florida","FL","12053","Hernando County"
"27","12","Florida","FL","12055","Highlands County","12055","Highlands County, Florida",1017.65929549692,102339,0,57605,61,44685,983,27353,1820,2592,432,9531,777,10905,903,13239,1163,36571,81,17157,53,20544,1253,2042,421,3540,650,36249,503,1663,298,13319,854,1169,289,2343,397,2011,42,27.2,1.8,6.8,1.1,21.3,1.7,13.8,1.1,13.1,1.2,35.7,0.1,16.8,0.1,20.3,1.2,4.6,0.9,3.6,0.7,35.4,0.5,2.9,0.5,23.1,1.5,2.7,0.6,5.2,0.9,2,0,0.6863,0.832,0.4788,0.7009,0.7996,3.4976,0.818,0.9927,0.062,0.8272,0.3223,0.889,3.0932,0.8664,0.7286,0.7286,0.7286,0.4804,0.8629,0.7165,0.4642,0.4916,3.0156,0.7607,10.335,0.8673,0,0,0,0,0,0,1,0,0,0,0,1,0,0,0,0,0,0,0,0,1,100690,7668,777,9165,400,22050,0,1440,133,117,84,18,22,2993,581,466,403,17.2,1.7,9,0.4,21.5,0,1.4,0.1,0.1,0.1,0,0.1,2.9,0.6,0.5,0.4,"County","National","Florida","FL","12055","Highlands County"
"28","12","Florida","FL","12057","Hillsborough County","12057","Hillsborough County, Florida",1022.50123311065,1468560,0,606334,213,559970,2031,319187,7662,37194,1779,173842,3475,107998,3259,173403,4724,214615,58,320513,0,172007,3410,38879,1780,89271,3314,789103,1875,107137,2350,39670,1558,16710,1283,33085,1565,26086,271,22.1,0.5,4.8,0.2,31,0.6,10.7,0.3,11.9,0.3,14.6,0.1,21.8,0,11.8,0.2,7,0.3,6.5,0.2,53.7,0.1,17.7,0.4,6.5,0.3,3,0.2,5.9,0.3,1.8,0,0.4537,0.518,0.9574,0.5164,0.7432,3.1887,0.7327,0.1238,0.4696,0.1534,0.7493,0.9513,2.4474,0.49,0.8871,0.8871,0.8871,0.9596,0.3363,0.7677,0.5829,0.4321,3.0786,0.7897,9.6018,0.7789,0,0,1,0,0,1,0,0,0,0,1,1,0,0,1,0,0,0,0,1,3,1552621,44722,1891,228064,2339,439450,0,61154,1063,1688,295,936,235,48797,2822,9014,1663,8,0.3,15.5,0.2,29.9,0,4.2,0.1,0.1,0.1,0.1,0.1,3.3,0.2,0.6,0.1,"County","National","Florida","FL","12057","Hillsborough County"
"29","12","Florida","FL","12059","Holmes County","12059","Holmes County, Florida",478.85640701682,19529,0,8635,22,7069,221,5258,693,373,138,1392,256,2441,412,2903,451,3946,69,3996,61,3353,320,502,207,138,111,2891,136,58,53,3155,356,189,88,364,102,1724,34,29.6,3.9,4.7,1.7,19.7,3.6,17.3,2.9,16.3,2.5,20.2,0.4,20.5,0.3,18.8,1.8,7.1,2.9,0.7,0.6,14.8,0.7,0.6,0.6,36.5,4.1,2.7,1.2,5.1,1.4,8.8,0.2,0.7671,0.4954,0.3388,0.8393,0.8979,3.3385,0.7786,0.5873,0.3102,0.7439,0.7601,0.4776,2.8791,0.77,0.4248,0.4248,0.4248,0.1088,0.9819,0.7165,0.4454,0.9208,3.1734,0.833,9.8158,0.8081,0,0,0,0,0,0,0,0,0,0,0,0,0,0,0,1,0,0,1,2,2,16868,1674,245,1269,120,631,0,125,82,122,107,48,46,671,227,25,40,23.7,3.3,6.5,0.6,3.2,0,0.6,0.4,0.6,0.5,0.2,0.2,3.4,1.2,0.1,0.2,"County","National","Florida","FL","12059","Holmes County"
"30","12","Florida","FL","12061","Indian River County","12061","Indian River County, Florida",502.52722989867,160986,0,83801,57,65735,1015,29520,2703,3931,742,16341,1045,10785,1135,17740,1575,54589,108,24668,41,25769,1533,2894,509,2698,657,42692,552,11918,870,5953,588,795,249,2854,506,1672,30,18.5,1.7,5.9,1.1,24.9,1.5,8.6,0.9,11.1,1,33.9,0.1,15.3,0.1,16.2,1,4.4,0.8,1.7,0.4,26.5,0.3,14.2,1,7.1,0.7,1.2,0.4,4.3,0.8,1,0,0.2762,0.7251,0.7442,0.3452,0.6987,2.7894,0.5975,0.9889,0.029,0.5406,0.2787,0.7369,2.5741,0.5803,0.6249,0.6249,0.6249,0.9325,0.3621,0.2393,0.3061,0.1403,1.9803,0.2434,7.9687,0.5145,0,0,0,0,0,0,1,0,0,0,0,1,0,0,1,0,0,0,0,1,2,155350,8467,890,13139,720,21240,0,2446,335,470,138,55,81,4438,964,904,390,12.9,1.4,8.2,0.4,13.2,0,1.5,0.2,0.3,0.1,0,0.1,2.8,0.6,0.6,0.2,"County","National","Florida","FL","12061","Indian River County"
"31","12","Florida","FL","12063","Jackson County","12063","Jackson County, Florida",918.229849381638,47704,0,20022,74,16880,324,12622,1117,804,248,3625,460,5496,573,4037,508,10058,123,8922,64,8277,649,1439,267,523,170,16599,140,145,62,5579,383,203,97,873,178,7108,89,31.2,2.8,4.7,1.5,21.5,2.7,15.8,1.6,9.8,1.2,21.1,0.3,18.7,0.1,20.1,1.6,8.5,1.6,1.2,0.4,34.8,0.3,0.7,0.3,27.9,1.9,1.2,0.6,5.2,1,14.9,0.2,0.8145,0.4954,0.4941,0.7922,0.6064,3.2026,0.7362,0.6697,0.1549,0.8171,0.8883,0.6367,3.1667,0.8947,0.7213,0.7213,0.7213,0.1254,0.9265,0.2393,0.4642,0.9717,2.7271,0.6223,9.8177,0.8085,0,0,0,0,0,0,0,0,0,0,0,0,0,0,0,1,0,0,1,2,2,47446,3527,392,12216,307,2457,0,270,95,169,91,91,98,1315,355,81,86,20.9,2.3,25.6,0.6,5.2,0,0.6,0.2,0.4,0.2,0.2,0.2,2.8,0.7,0.2,0.2,"County","National","Florida","FL","12063","Jackson County"
"32","12","Florida","FL","12065","Jefferson County","12065","Jefferson County, Florida",598.079183744322,14458,0,6741,24,5519,238,3514,488,425,138,1039,220,1608,242,1322,299,3483,27,2480,10,2667,301,290,130,79,94,5704,70,28,22,2668,311,45,43,389,142,1195,22,26.7,3.7,6.7,2.1,18.8,3.9,14.9,2.2,10,2.2,24.1,0.2,17.2,0.1,20.2,2.3,5.3,2.3,0.6,0.7,39.5,0.5,0.4,0.3,39.6,4.6,0.8,0.8,7,2.5,8.3,0.2,0.665,0.8231,0.2641,0.7553,0.6185,3.126,0.7143,0.8454,0.0773,0.8218,0.4693,0.4349,2.6487,0.6325,0.776,0.776,0.776,0.0757,0.9882,0.1193,0.7203,0.9084,2.8119,0.6666,9.3626,0.7439,0,0,0,0,0,0,0,0,0,0,0,0,0,0,0,1,0,0,1,2,2,10263,1337,247,4629,145,646,0,33,37,13,17,4,9,299,137,80,70,24.2,4.1,32,1,4.5,0,0.2,0.3,0.1,0.1,0,0.1,2.1,1,0.6,0.5,"County","National","Florida","FL","12065","Jefferson County"
"33","12","Florida","FL","12067","Lafayette County","12067","Lafayette County, Florida",543.344472714804,8107,0,3403,171,2555,242,2392,597,272,138,478,163,1260,214,1010,337,1553,186,1476,162,1409,355,94,65,154,138,2474,276,27,29,1362,265,141,95,47,37,1357,33,35.4,8.8,8.6,4.5,18.7,6.1,21.5,3.8,15.1,5.1,19.2,2.3,18.2,2,21,5.3,3.7,2.5,2,1.8,30.5,3.4,0.8,0.9,40,7.9,5.6,3.7,1.8,1.5,16.7,0.4,0.9065,0.9306,0.2555,0.9418,0.8705,3.9049,0.9214,0.4871,0.1279,0.8571,0.1607,0.7773,2.4101,0.4626,0.6726,0.6726,0.6726,0.1406,0.9885,0.9437,0.0312,0.9774,3.0814,0.7906,10.069,0.8409,1,1,0,1,0,3,0,0,0,0,0,0,0,0,0,1,1,0,1,3,6,6682,358,155,1262,216,1082,207,2,5,0,21,0,21,128,135,0,21,14,5.7,15.6,2.7,13.3,2.5,0,0.1,0,0.6,0,0.6,1.6,1.7,0,0.6,"County","National","Florida","FL","12067","Lafayette County"
"34","12","Florida","FL","12069","Lake County","12069","Lake County, Florida",951.800030244948,386829,0,178098,170,153817,1494,69793,4010,9565,1293,41148,2007,27434,1721,39669,2640,103276,22,73351,56,62220,2442,6244,754,8374,1471,129328,1018,11887,1150,30826,1250,2562,430,6280,675,4256,47,18.3,1,5.5,0.7,26.8,1.3,9.6,0.6,10.4,0.7,26.7,0.1,19,0.1,16.3,0.6,4.1,0.5,2.3,0.4,33.4,0.3,6.7,0.6,17.3,0.7,1.7,0.3,4.1,0.4,1.1,0,0.2638,0.6583,0.8403,0.4276,0.6462,2.8362,0.6128,0.9201,0.1759,0.5479,0.2211,0.8066,2.6716,0.6481,0.7086,0.7086,0.7086,0.7751,0.7404,0.4311,0.2708,0.1798,2.3972,0.4512,8.6136,0.6214,0,0,0,0,0,0,1,0,0,0,0,1,0,0,0,0,0,0,0,0,1,333935,14817,1306,37681,1897,67297,0,7962,552,607,282,517,73,13288,2275,1976,597,9.6,0.8,9.7,0.5,17.4,0,2.1,0.1,0.2,0.1,0.1,0.1,3.4,0.6,0.5,0.2,"County","National","Florida","FL","12069","Lake County"
"35","12","Florida","FL","12071","Lee County","12071","Lee County, Florida",781.02604266749,772902,0,419916,177,311348,2302,149511,5446,15514,1187,91354,2801,57706,2439,98642,4538,223302,28,132836,0,106215,2997,14359,1225,42130,2430,275116,1670,69673,2187,40134,1473,6798,626,15906,1396,11851,238,19.6,0.7,4.5,0.3,29.3,0.9,9.9,0.4,12.8,0.6,28.9,0.1,17.2,0,13.8,0.4,4.6,0.4,5.7,0.3,35.6,0.2,16.6,0.5,9.6,0.4,2.2,0.2,5.1,0.4,1.5,0,0.3261,0.4537,0.9201,0.454,0.7878,2.9417,0.6507,0.9561,0.0773,0.3159,0.3223,0.9399,2.6115,0.6067,0.7299,0.7299,0.7299,0.9535,0.4846,0.6083,0.4454,0.3299,2.8217,0.671,9.1048,0.7086,0,0,1,0,0,1,1,0,0,0,1,2,0,0,1,0,0,0,0,1,4,749039,30505,1558,59756,1329,178802,0,12661,498,558,136,374,70,18690,1767,4275,1420,9.8,0.5,7.7,0.2,23.1,0,1.6,0.1,0.1,0.1,0,0.1,2.4,0.2,0.6,0.2,"County","National","Florida","FL","12071","Lee County"
"36","12","Florida","FL","12073","Leon County","12073","Leon County, Florida",668.42746389929,294128,0,134107,184,118755,1034,73303,3342,9021,858,39549,1680,11755,1013,23958,1665,41392,56,54119,46,34646,1522,8867,778,2377,434,132508,454,28027,1400,10255,771,2384,489,8141,654,17823,173,26.4,1.2,5.7,0.5,33.3,1.4,6.7,0.6,8.2,0.6,14.1,0.1,18.4,0.1,11.9,0.5,7.5,0.7,0.9,0.2,45.1,0.2,20.9,1,7.6,0.6,2,0.4,6.9,0.6,6.1,0.1,0.6538,0.6939,0.9793,0.1756,0.4827,2.9853,0.6659,0.0993,0.1394,0.1619,0.805,0.5536,1.7592,0.1021,0.8323,0.8323,0.8323,0.9774,0.3863,0.5415,0.7073,0.8552,3.4677,0.937,9.0445,0.6952,0,0,1,0,0,1,0,0,0,0,0,0,0,0,1,0,0,0,0,1,2,327057,11243,911,90250,1027,20385,0,10277,394,181,63,121,64,9999,1095,1295,451,9.5,0.8,30.7,0.3,6.9,0,3.5,0.1,0.1,0.1,0,0.1,3.4,0.4,0.4,0.2,"County","National","Florida","FL","12073","Leon County"
"37","12","Florida","FL","12075","Levy County","12075","Levy County, Florida",1118.25619591298,43268,0,20972,36,17843,342,11943,1298,797,185,3857,508,3931,479,6702,867,10699,99,8430,31,8573,716,989,225,872,323,9594,229,259,116,9132,607,635,214,830,185,384,12,27.8,3,4.4,1,21.6,2.8,12.4,1.5,15.6,2,24.7,0.2,19.5,0.1,19.9,1.7,5.6,1.3,2.1,0.8,22.2,0.5,1.2,0.6,43.5,2.9,3.6,1.2,4.7,1,0.9,0,0.7073,0.4267,0.5002,0.6246,0.882,3.1408,0.7184,0.8667,0.2167,0.805,0.5304,0.7865,3.2053,0.9119,0.5616,0.5616,0.5616,0.2141,0.994,0.8412,0.3751,0.1091,2.5335,0.5224,9.4412,0.7582,0,0,0,0,0,0,0,0,0,0,0,0,0,0,0,1,0,0,0,1,1,34355,4117,497,3652,177,3992,0,354,66,76,61,0,31,1355,245,165,157,23.1,2.8,8.4,0.4,9.2,0,0.8,0.2,0.2,0.1,0,0.1,3.1,0.6,0.4,0.4,"County","National","Florida","FL","12075","Levy County"
"38","12","Florida","FL","12077","Liberty County","12077","Liberty County, Florida",835.562988391588,7704,0,3118,171,2447,194,1927,357,227,127,475,120,1046,188,682,229,1066,156,1478,157,1526,247,244,105,45,84,2120,290,5,22,1264,198,36,36,189,87,1443,29,30.5,5.7,8.2,4.3,19.4,4.7,19,3.2,10.8,3.6,13.8,2,19.2,2,24.2,3.9,10,4.2,0.6,1.1,27.5,3.8,0.2,0.7,40.5,5.6,1.4,1.5,7.7,3.5,18.7,0.4,0.7973,0.9179,0.3121,0.896,0.6742,3.5975,0.8454,0.0881,0.1934,0.9507,0.9459,0.4349,2.613,0.6077,0.636,0.636,0.636,0.0414,0.9898,0.3198,0.7948,0.9831,3.1289,0.8132,9.9754,0.8266,0,1,0,0,0,1,0,0,1,1,0,2,0,0,0,1,0,0,1,2,5,7151,598,140,1144,220,603,207,8,10,56,47,0,21,297,125,12,13,24.4,5.5,14.8,2.9,7.8,2.7,0.1,0.1,0.7,0.6,0,0.6,3.9,1.6,0.2,0.2,"County","National","Florida","FL","12077","Liberty County"
"39","12","Florida","FL","12079","Madison County","12079","Madison County, Florida",696.528580589266,17986,0,8362,27,6693,233,5440,679,172,113,1641,307,2718,362,2067,422,4023,64,3239,155,2528,320,423,136,153,116,8244,157,75,49,3155,295,120,91,636,164,1912,28,33.8,4.2,2.7,1.8,24.5,4.5,19.8,2.6,12.8,2.6,22.4,0.4,18,0.9,15.7,2,6.3,2,0.9,0.7,45.8,0.9,0.9,0.6,37.7,3.5,1.8,1.4,9.5,2.4,10.6,0.2,0.8743,0.1365,0.7197,0.9154,0.7878,3.4337,0.8011,0.7591,0.1129,0.4989,0.6538,0.5536,2.5783,0.5822,0.8403,0.8403,0.8403,0.1594,0.9857,0.4712,0.9026,0.9421,3.461,0.9338,10.3133,0.8638,0,0,0,1,0,1,0,0,0,0,0,0,0,0,0,1,0,1,1,3,4,16401,2040,274,6436,152,1139,0,16,24,16,32,0,23,575,209,62,70,30.5,3.9,35.8,0.8,6.3,0,0.1,0.1,0.1,0.2,0,0.3,3.2,1.2,0.3,0.4,"County","National","Florida","FL","12079","Madison County"
"40","12","Florida","FL","12081","Manatee County","12081","Manatee County, Florida",742.761430212426,405069,0,208358,127,161656,1487,78356,4079,9669,909,44570,2048,28502,1516,48624,2872,114243,55,71417,47,58683,2043,6058,696,11806,1300,122435,509,29743,1439,29217,1333,3420,555,6389,727,5020,89,19.6,1,5.2,0.5,27.6,1.2,9.3,0.5,12.1,0.7,28.2,0.1,17.6,0.1,14.6,0.5,3.7,0.4,3,0.3,30.2,0.1,14.3,0.7,14,0.6,2.1,0.3,4,0.4,1.2,0,0.3261,0.5921,0.8702,0.4031,0.7537,2.9452,0.6516,0.9472,0.0935,0.3913,0.1607,0.8571,2.4498,0.4906,0.6685,0.6685,0.6685,0.9351,0.644,0.5759,0.2491,0.2119,2.616,0.5622,8.6795,0.6332,0,0,0,0,0,0,1,0,0,0,0,1,0,0,1,0,0,0,0,1,2,375422,16097,1315,32273,863,68333,0,8880,462,505,183,136,83,11222,1045,1086,397,10,0.8,8,0.2,16.9,0,2.2,0.1,0.1,0.1,0,0.1,2.8,0.3,0.3,0.1,"County","National","Florida","FL","12081","Manatee County"
"41","12","Florida","FL","12083","Marion County","12083","Marion County, Florida",1588.421504439,378225,0,179079,77,154996,1348,92045,4226,8887,954,39490,2053,30326,1807,46068,2685,109251,0,70465,0,60612,1942,8133,883,7436,1294,121385,648,6125,806,33947,1450,3500,549,7597,871,8763,80,25,1.1,5.9,0.6,25.5,1.3,10.8,0.6,12.4,0.7,28.9,0,18.6,0,16.4,0.5,5.3,0.6,2.1,0.4,32.1,0.2,3.4,0.5,19,0.8,2.2,0.4,4.9,0.6,2.3,0,0.5889,0.7251,0.7833,0.5243,0.769,3.3906,0.7926,0.9561,0.1486,0.5581,0.4693,0.7865,2.9186,0.7891,0.6936,0.6936,0.6936,0.5425,0.7827,0.6083,0.412,0.5577,2.9032,0.7143,9.906,0.8196,0,0,0,0,0,0,1,0,0,0,0,1,0,0,0,0,0,0,0,0,1,368062,17603,1259,45305,984,56818,0,5890,527,485,163,47,43,11413,1301,1427,499,11.4,0.8,12,0.3,15,0,1.6,0.1,0.1,0.1,0,0.1,3,0.3,0.4,0.1,"County","National","Florida","FL","12083","Marion County"
"42","12","Florida","FL","12085","Martin County","12085","Martin County, Florida",543.822114479678,159399,0,81593,69,66724,950,26747,2001,3083,480,16449,1017,9404,856,15042,1377,50676,91,25580,0,22202,1280,2177,327,3596,789,37122,548,11881,874,7447,685,699,246,3241,475,4033,40,17.2,1.3,4.4,0.7,24.7,1.5,7.6,0.7,9.6,0.9,31.8,0.1,16,0,14.2,0.8,3.3,0.5,2.3,0.5,23.3,0.3,14.6,1.1,9.1,0.8,1,0.4,4.9,0.7,2.5,0,0.2132,0.4267,0.7346,0.2593,0.5927,2.2265,0.4022,0.9809,0.0426,0.3528,0.1123,0.8066,2.2952,0.384,0.5797,0.5797,0.5797,0.9373,0.4626,0.1724,0.412,0.5902,2.5745,0.5415,7.6759,0.4642,0,0,0,0,0,0,1,0,0,0,0,1,0,0,1,0,0,0,0,1,2,171799,6275,709,7935,382,22778,0,2359,195,126,108,3,9,3363,559,558,367,9.4,1.1,5,0.2,14.3,0,1.5,0.1,0.1,0.1,0,0.1,2.1,0.4,0.4,0.2,"County","National","Florida","FL","12085","Martin County"
"43","12","Florida","FL","12086","Miami-Dade County","12086","Miami-Dade County, Florida",1899.92364859746,2688237,0,1075278,339,952680,2932,695047,12966,64439,2723,378254,5540,332566,6277,400515,8501,446559,82,540286,60,271544,5033,69897,2417,522116,7588,2337839,1672,423309,4565,13897,1143,62185,2352,92824,2837,46707,486,26.3,0.5,4.6,0.2,39.7,0.6,17.3,0.3,15,0.3,16.6,0.1,20.1,0.1,10.2,0.2,7.4,0.3,20.6,0.3,87,0.1,39.3,0.4,1.3,0.1,6.5,0.2,9.7,0.3,1.7,0,0.6497,0.4738,0.999,0.8393,0.8654,3.8272,0.9049,0.244,0.2698,0.0652,0.7935,0.9978,2.3703,0.4365,0.9901,0.9901,0.9901,0.9975,0.0519,0.959,0.909,0.4003,3.3177,0.8909,10.5053,0.881,0,0,1,0,0,1,0,0,0,0,1,1,1,1,1,0,1,1,0,3,6,2655208,146223,3333,399445,2378,1848739,0,39384,802,1832,265,483,177,37363,2660,10593,1295,15.3,0.4,14.9,0.1,68.8,0,1.5,0.1,0.1,0.1,0,0.1,1.4,0.1,0.4,0.1,"County","National","Florida","FL","12086","Miami-Dade County"
"44","12","Florida","FL","12087","Monroe County","12087","Monroe County, Florida",983.032946512278,82044,0,54034,76,34388,592,14563,1255,1479,288,10426,769,4993,533,12280,889,19297,91,12862,34,8601,719,1553,319,4815,721,29705,208,7022,592,4778,431,1542,293,2307,365,1662,43,18,1.5,3.4,0.6,30.3,2.2,7.8,0.8,15.4,1.1,23.5,0.1,15.7,0.1,10.8,0.9,4.5,0.9,6.1,0.9,36.2,0.3,12.9,1.1,8.8,0.8,4.5,0.8,6.7,1,2,0.1,0.2485,0.2393,0.944,0.2765,0.8762,2.5845,0.5247,0.819,0.035,0.0913,0.3029,0.9462,2.1944,0.3143,0.7378,0.7378,0.7378,0.9179,0.4489,0.903,0.6853,0.4916,3.4467,0.9294,8.9634,0.6822,0,0,1,0,0,1,0,0,0,0,1,1,0,0,1,0,1,0,0,2,4,80593,4295,581,5069,377,21068,0,783,136,9,17,124,148,2248,329,404,187,12.5,1.6,6.2,0.5,25.7,0,1,0.2,0,0.1,0.2,0.2,2.7,0.4,0.5,0.2,"County","National","Florida","FL","12087","Monroe County"
"45","12","Florida","FL","12089","Nassau County","12089","Nassau County, Florida",648.680535025426,91538,0,42121,55,36336,604,12446,1482,1768,502,7531,746,5540,731,7139,1150,21041,98,17888,0,15736,1250,1744,412,389,213,13647,398,2732,374,7982,724,453,202,1102,287,885,30,13.7,1.6,4.1,1.2,20.7,2,8.2,1.1,7.9,1.3,23,0.1,19.5,0,17.4,1.4,4.8,1.1,0.4,0.2,14.9,0.4,6.5,0.9,19,1.7,1.2,0.6,3,0.8,1,0,0.0885,0.3668,0.4244,0.314,0.4556,1.6493,0.2278,0.7916,0.2167,0.6421,0.3624,0.315,2.3278,0.4076,0.4273,0.4273,0.4273,0.7668,0.7827,0.2393,0.1187,0.1403,2.0478,0.2724,6.4522,0.2539,0,0,0,0,0,0,0,0,0,0,0,0,0,0,0,0,0,0,0,0,0,74876,2578,473,5001,350,4579,0,903,200,236,84,28,36,2458,587,442,267,7.1,1.3,5.5,0.4,5,0,1,0.2,0.3,0.1,0,0.1,2.7,0.6,0.5,0.3,"County","National","Florida","FL","12089","Nassau County"
"46","12","Florida","FL","12091","Okaloosa County","12091","Okaloosa County, Florida",929.861523484458,212021,0,101408,87,83334,894,37398,2497,3239,523,23247,1329,10188,912,22510,1691,34564,73,47292,0,30738,1313,4768,594,3626,782,60954,869,17226,859,4715,575,1809,363,3097,450,5278,88,18.1,1.2,3.3,0.5,27.9,1.6,7,0.6,11.4,0.8,16.3,0.1,22.3,0,15.6,0.7,5.7,0.7,1.8,0.4,28.7,0.4,17,0.8,4.6,0.6,2.1,0.4,3.7,0.5,2.5,0,0.2545,0.2208,0.8797,0.2027,0.7165,2.2742,0.4238,0.2189,0.5444,0.49,0.5552,0.7534,2.5619,0.573,0.6503,0.6503,0.6503,0.9564,0.2339,0.5759,0.2068,0.5902,2.5632,0.5358,8.0496,0.5266,0,0,0,0,0,0,0,0,0,0,0,0,0,0,1,0,0,0,0,1,1,220608,7848,746,19679,787,21317,0,6784,472,250,83,237,126,11773,1169,914,302,9.4,0.9,9.3,0.4,10.1,0,3.2,0.2,0.1,0.1,0.1,0.1,5.6,0.6,0.4,0.1,"County","National","Florida","FL","12091","Okaloosa County"
"47","12","Florida","FL","12093","Okeechobee County","12093","Okeechobee County, Florida",769.286093208606,39870,0,18496,43,14919,390,11107,1221,1006,312,3606,477,5699,526,6653,994,7704,123,8515,85,6680,746,1103,329,1546,347,15246,90,428,300,6933,468,716,214,471,138,2715,69,30,3.3,6.1,1.9,24.2,3.1,20.1,1.9,17.9,2.7,19.3,0.3,21.4,0.2,17.9,2,7.4,2.2,4.1,0.9,38.2,0.2,2.3,1.6,37.5,2.5,4.8,1.4,3.2,0.9,6.8,0.2,0.7792,0.7544,0.7028,0.9224,0.9306,4.0894,0.9481,0.497,0.4127,0.6815,0.7935,0.9061,3.2908,0.9322,0.7617,0.7617,0.7617,0.4038,0.985,0.9176,0.1413,0.8781,3.3258,0.8934,11.4677,0.9637,0,0,0,1,1,2,0,0,0,0,1,1,0,0,0,1,1,0,0,2,5,35924,2817,424,3068,220,10661,0,343,79,58,41,7,11,935,213,174,130,18.9,2.8,7.7,0.6,26.7,0,0.9,0.2,0.1,0.1,0,0.1,2.3,0.5,0.4,0.3,"County","National","Florida","FL","12093","Okeechobee County"
"48","12","Florida","FL","12095","Orange County","12095","Orange County, Florida",902.92428772126,1427403,0,565109,212,491378,2508,322345,8960,42585,2177,165959,3845,101997,3624,178889,5780,177634,148,308436,0,159150,4348,33609,1603,97361,4543,891681,2554,130475,3152,18204,1188,18127,1289,25710,1687,38077,364,23.2,0.6,5.5,0.3,33.8,0.8,10.6,0.4,12.6,0.4,12.4,0.1,21.6,0,11.2,0.3,6.9,0.3,7.2,0.3,62.5,0.2,23.1,0.6,3.2,0.2,3.7,0.3,5.2,0.3,2.7,0,0.5062,0.6583,0.9828,0.5078,0.7795,3.4346,0.8018,0.0407,0.4413,0.1114,0.7337,0.958,2.2851,0.3767,0.9332,0.9332,0.9332,0.9828,0.1508,0.8486,0.4642,0.6195,3.0659,0.7862,9.7188,0.7951,0,0,1,0,0,1,0,0,0,0,1,1,1,1,1,0,0,0,0,1,4,1639906,38694,1803,276200,2739,469883,0,74033,1337,1186,315,1162,361,56818,3751,12399,1699,7.9,0.4,19.3,0.2,32.9,0,5.2,0.1,0.1,0.1,0.1,0.1,4,0.3,0.9,0.1,"County","National","Florida","FL","12095","Orange County"
"49","12","Florida","FL","12097","Osceola County","12097","Osceola County, Florida",1327.54203983612,393745,0,156976,123,119817,1523,94039,5540,10702,1155,45040,2271,32217,2262,46140,3098,51913,150,94791,99,54605,2464,8855,1148,37079,2735,281353,837,21498,1252,11065,1040,5504,753,5403,786,2155,26,24.1,1.4,5.3,0.6,37.6,1.8,12.3,0.9,11.8,0.8,13.2,0.1,24.1,0.1,13.9,0.6,7.4,1,10,0.7,71.5,0.2,13.7,0.8,7,0.7,4.6,0.6,4.5,0.6,0.5,0,0.5527,0.616,0.9955,0.6188,0.7391,3.5221,0.8244,0.0662,0.7852,0.3261,0.7935,0.9777,2.9487,0.8043,0.9644,0.9644,0.9644,0.9271,0.3563,0.91,0.3369,0.0388,2.5691,0.5399,10.0043,0.8307,0,0,1,0,0,1,0,0,0,0,1,1,1,1,1,0,1,0,0,2,5,319409,11621,1146,36629,1298,220780,0,10314,595,332,142,76,103,10588,1431,2634,868,9.7,0.9,9.3,0.3,56.1,0,2.6,0.2,0.1,0.1,0,0.1,2.7,0.4,0.7,0.2,"County","National","Florida","FL","12097","Osceola County"
"50","12","Florida","FL","12099","Palm Beach County","12099","Palm Beach County, Florida",1964.29070490932,1494805,0,708303,249,589594,2337,283878,7933,42825,2193,187889,3856,121167,3320,200159,5163,365029,57,281121,121,183259,3412,31422,1669,106381,3832,721646,2883,177202,2966,19079,1151,19099,1333,35402,1855,24897,356,19.3,0.5,5.8,0.3,31.9,0.6,11,0.3,13.5,0.3,24.4,0.1,18.8,0.1,12.4,0.2,5.3,0.3,7.5,0.3,48.3,0.2,25,0.4,2.7,0.2,3.3,0.2,6,0.3,1.7,0,0.3112,0.7082,0.9672,0.5374,0.8129,3.3369,0.7779,0.8581,0.1616,0.2014,0.4693,0.9625,2.6529,0.6354,0.8613,0.8613,0.8613,0.9873,0.1254,0.8116,0.5959,0.4003,2.9205,0.7222,9.7716,0.8008,0,0,1,0,0,1,0,0,0,0,1,1,0,0,1,0,0,0,0,1,3,1457887,62573,2284,270090,2600,350700,0,41602,916,836,212,638,200,48334,4047,9446,1575,10.6,0.4,18.1,0.2,23.5,0,2.8,0.1,0.1,0.1,0,0.1,3.2,0.3,0.6,0.1,"County","National","Florida","FL","12099","Palm Beach County"
"51","12","Florida","FL","12101","Pasco County","12101","Pasco County, Florida",746.603265190148,569211,0,259083,111,223385,1394,112969,4356,13913,1106,61731,2089,38282,1785,62774,2749,126195,118,114850,73,92558,2402,12175,940,12451,1091,168590,881,16476,1124,46661,1419,3375,422,10769,905,8095,118,20.2,0.8,5.3,0.4,27.6,0.9,9.3,0.4,11.2,0.5,22.2,0.1,20.2,0.1,16.4,0.4,5.5,0.4,2.3,0.2,29.6,0.2,6.4,0.4,18,0.5,1.5,0.2,4.8,0.4,1.4,0,0.3621,0.616,0.8702,0.4031,0.7041,2.9555,0.6561,0.7464,0.2781,0.5581,0.5103,0.8066,2.8995,0.7811,0.6599,0.6599,0.6599,0.7617,0.7563,0.3608,0.3939,0.2943,2.567,0.5387,9.0819,0.7041,0,0,0,0,0,0,0,0,0,0,0,0,0,0,0,0,0,0,0,0,0,459791,26343,1431,32118,1239,99192,0,16052,587,857,207,348,118,17867,1684,2156,725,11.8,0.6,5.6,0.2,17.4,0,2.8,0.1,0.2,0.1,0.1,0.1,3.1,0.3,0.4,0.1,"County","National","Florida","FL","12101","Pasco County"
"52","12","Florida","FL","12103","Pinellas County","12103","Pinellas County, Florida",273.780199994908,959918,0,516276,227,418716,2522,183629,5439,22435,1533,127341,2836,55868,2217,101670,3679,245332,47,150931,0,146750,3329,20259,1264,21073,1506,264800,1242,126015,2530,46611,1567,7834,725,28875,1326,22837,338,19.5,0.6,4.6,0.3,30.4,0.7,7.5,0.3,10.8,0.4,25.6,0.1,15.7,0,15.5,0.4,4.8,0.3,2.3,100,27.6,0.1,24.4,0.5,9,0.3,1.9,0.2,6.9,0.3,2.4,0,0.322,0.4738,0.9462,0.2488,0.6742,2.665,0.5546,0.8963,0.035,0.4804,0.3624,0.8066,2.5807,0.5851,0.6373,0.6373,0.6373,0.985,0.4572,0.5087,0.7073,0.5765,3.2347,0.8568,9.1177,0.7095,0,0,1,0,0,1,0,0,0,0,0,0,0,0,1,0,0,0,0,1,2,964502,50021,1901,94392,1360,99956,0,33372,712,1192,220,705,130,31506,1618,3677,765,11.9,0.5,9.8,0.1,10.4,0,3.5,0.1,0.1,0.1,0.1,0.1,3.3,0.2,0.4,0.1,"County","National","Florida","FL","12103","Pinellas County"
"53","12","Florida","FL","12105","Polk County","12105","Polk County, Florida",1798.1365320094,736229,0,320023,212,264145,2039,185406,5644,15557,1203,75489,2511,66710,2043,94385,3995,146515,21,161066,70,102772,2512,16444,1108,34249,2091,335674,920,19116,1311,65545,1960,8827,858,13778,927,15321,409,25.7,0.8,4.6,0.4,28.6,0.9,13.1,0.4,13,0.5,19.9,0.1,21.9,0.1,14.1,0.3,6.2,0.4,4.9,0.3,45.6,0.1,6,0.4,20.5,0.6,3.3,0.3,5.2,0.4,2.1,0.1,0.6217,0.4738,0.901,0.6618,0.7954,3.4537,0.8078,0.5558,0.4846,0.3458,0.6408,0.9249,2.9519,0.8062,0.8377,0.8377,0.8377,0.7401,0.8206,0.8116,0.4642,0.5145,3.351,0.903,10.5943,0.8912,0,0,1,0,0,1,0,0,0,0,1,1,0,0,0,0,0,0,0,0,2,708238,38967,1685,105841,1532,192804,0,12503,667,1063,259,246,158,18896,1578,4321,955,14.8,0.6,14.4,0.2,26.2,0,1.7,0.1,0.1,0.1,0,0.1,2.6,0.2,0.6,0.1,"County","National","Florida","FL","12105","Polk County"
"54","12","Florida","FL","12107","Putnam County","12107","Putnam County, Florida",728.353829062264,73604,0,36183,59,29782,486,28154,1922,2520,475,7484,728,9242,728,12016,1048,17269,60,15663,12,13364,1080,1908,399,2082,420,21752,220,852,251,15254,638,769,265,2236,388,1368,19,39,2.7,8.9,1.6,25.1,2.4,17.6,1.4,16.6,1.4,23.5,0.1,21.3,0.1,18.4,1.5,6.4,1.3,3,0.6,29.6,0.3,2.4,0.7,42.2,1.8,2.6,0.9,7.5,1.3,1.9,0,0.9494,0.9408,0.7556,0.8498,0.9077,4.4033,0.9838,0.819,0.4006,0.7191,0.6736,0.8571,3.4694,0.966,0.6599,0.6599,0.6599,0.4181,0.992,0.7019,0.7792,0.462,3.3532,0.9036,11.8858,0.9835,1,1,0,0,1,3,0,0,0,0,0,0,0,0,0,1,0,0,0,1,4,67677,5158,682,11490,320,7727,0,417,95,181,84,0,35,1786,369,151,182,17.3,2.2,15.6,0.4,10.5,0,0.6,0.1,0.2,0.1,0,0.1,2.4,0.5,0.2,0.2,"County","National","Florida","FL","12107","Putnam County"
"55","12","Florida","FL","12109","St. Johns County","12109","St. Johns County, Florida",600.640660088314,278722,0,120920,81,102056,1095,32384,2462,5980,872,21690,1507,9926,1306,19826,1905,57756,71,59977,0,29161,2077,4397,653,2755,674,55831,1026,10649,853,6702,701,1017,320,2427,490,3034,85,11.8,0.9,4.4,0.6,21.3,1.5,5,0.7,7.2,0.7,20.7,0.1,21.5,0,10.5,0.8,4.3,0.6,1,0.3,20,0.4,8.8,0.7,5.5,0.6,1,0.3,2.4,0.5,1.1,0,0.049,0.4267,0.4788,0.0633,0.3948,1.4126,0.1677,0.636,0.4263,0.077,0.2603,0.5861,1.9857,0.1925,0.5294,0.5294,0.5294,0.8419,0.2841,0.1724,0.0595,0.1798,1.5377,0.104,5.4654,0.1266,0,0,0,0,0,0,0,0,0,0,0,0,0,0,0,0,0,0,0,0,0,239131,7252,720,14605,624,22235,0,8650,485,209,134,174,162,8732,1154,1226,451,7.1,0.7,5.2,0.2,8,0,3.1,0.2,0.1,0.1,0.1,0.1,3.1,0.4,0.4,0.2,"County","National","Florida","FL","12109","St. Johns County"
"56","12","Florida","FL","12111","St. Lucie County","12111","St. Lucie County, Florida",571.873121307686,334682,0,150054,114,126443,1137,73144,4738,9213,1290,37916,1925,27952,1983,41761,3179,81565,95,65662,14,50566,2617,8391,929,9777,1599,154708,1188,16166,1109,10475,727,2472,504,5744,834,3291,265,22.1,1.4,6,0.8,30,1.5,11.4,0.8,12.6,1,24.4,0.1,19.6,0.1,15.2,0.8,6.7,0.7,3.1,0.5,46.2,0.4,10.7,0.7,7,0.5,2,0.4,4.5,0.7,1,0.1,0.4537,0.7385,0.937,0.5632,0.7795,3.4719,0.8136,0.8581,0.2262,0.4489,0.7127,0.8635,3.1094,0.8734,0.8466,0.8466,0.8466,0.8804,0.3563,0.5415,0.3369,0.1403,2.2554,0.3812,9.6833,0.7906,0,0,1,0,0,1,0,0,0,0,0,0,0,0,0,0,0,0,0,0,1,286259,11314,1253,66174,1416,69088,0,6624,331,432,150,149,61,10421,1639,1820,918,8.9,1,19.8,0.4,20.6,0,2,0.1,0.1,0.1,0,0.1,3.1,0.5,0.5,0.3,"County","National","Florida","FL","12111","St. Lucie County"
"57","12","Florida","FL","12113","Santa Rosa County","12113","Santa Rosa County, Florida",1012.4005248667,188994,0,76585,184,69524,676,29118,2500,3962,685,14503,1196,9823,1132,19457,2243,30867,91,41211,58,26804,1370,3448,479,1261,322,37742,813,3323,627,6487,633,1276,388,2439,505,5311,434,15.9,1.4,4.7,0.8,20.9,1.7,7.4,0.8,10.9,1.3,16.3,0.1,21.8,0.1,15,0.8,4.9,0.7,0.7,0.2,20,0.4,4.4,0.8,8.5,0.8,1.8,0.6,3.5,0.7,2.8,0.2,0.161,0.4954,0.4413,0.2389,0.6822,2.0188,0.3379,0.2189,0.4696,0.4292,0.3843,0.4776,1.9796,0.189,0.5294,0.5294,0.5294,0.6351,0.434,0.4712,0.1833,0.6389,2.3625,0.4353,6.8903,0.3213,0,0,0,0,0,0,0,0,0,0,0,0,0,0,0,0,0,0,0,0,0,146544,5555,844,10774,638,11652,0,3578,472,353,109,319,74,9496,1088,1570,679,8,1.2,5.7,0.3,6.2,0,1.9,0.2,0.2,0.1,0.2,0.1,5,0.6,0.8,0.4,"County","National","Florida","FL","12113","Santa Rosa County"
"58","12","Florida","FL","12115","Sarasota County","12115","Sarasota County, Florida",556.006043014464,439392,0,254601,106,199345,1689,61236,3303,6389,742,51101,2035,20782,1533,44424,2538,163928,34,61315,27,65615,1989,6863,797,7531,914,81565,780,42591,1370,21197,994,2571,437,8837,838,7743,160,14.2,0.8,3.4,0.4,25.6,1,5.9,0.4,10.2,0.6,37.3,0.1,14,0.1,15.1,0.5,3.5,0.4,1.8,0.2,18.6,0.2,16.7,0.5,8.3,0.4,1.3,0.2,4.4,0.4,1.8,0,0.0993,0.2393,0.7887,0.1145,0.6328,1.8746,0.2927,0.9968,0.0127,0.4391,0.1339,0.7534,2.3359,0.413,0.504,0.504,0.504,0.9545,0.4228,0.2765,0.3217,0.4321,2.4076,0.4566,7.1221,0.3653,0,0,0,0,0,0,1,0,0,0,0,1,0,0,1,0,0,0,0,1,2,457674,19011,1114,17886,768,43353,0,7763,426,563,151,133,39,10423,966,1444,460,9.5,0.5,4.1,0.2,9.9,0,1.8,0.1,0.1,0.1,0,0.1,2.4,0.2,0.3,0.1,"County","National","Florida","FL","12115","Sarasota County"
"59","12","Florida","FL","12117","Seminole County","12117","Seminole County, Florida",309.37927775596,471321,0,194744,139,183487,905,74354,3533,11142,1045,54105,2125,20517,1351,47115,2453,75622,25,97621,49,53086,1760,11736,1049,13531,1197,202377,935,29514,1513,4535,444,4683,562,7222,707,4404,226,15.9,0.8,4.3,0.4,29.5,1.1,6.1,0.4,10.1,0.5,16,0.1,20.7,0.1,11.3,0.4,6.4,0.6,3,0.3,42.9,0.2,15.2,0.8,2.3,0.2,2.5,0.3,3.9,0.4,0.9,0,0.161,0.4038,0.9268,0.1279,0.6255,2.245,0.4111,0.1998,0.3331,0.1177,0.6736,0.8571,2.1813,0.3051,0.8075,0.8075,0.8075,0.9424,0.0983,0.685,0.2345,0.1091,2.0693,0.2829,7.3031,0.3996,0,0,1,0,0,1,0,0,0,0,0,0,0,0,1,0,0,0,0,1,2,463955,12685,1021,51947,1256,108146,0,23445,655,389,161,186,105,16126,1436,2138,726,6.9,0.6,11,0.3,22.9,0,5,0.1,0.1,0.1,0,0.1,3.4,0.3,0.5,0.2,"County","National","Florida","FL","12117","Seminole County"
"60","12","Florida","FL","12119","Sumter County","12119","Sumter County, Florida",557.140699108658,131832,0,76923,109,64305,1283,18318,1638,1541,364,12957,1169,8874,983,7391,902,76345,118,9405,68,22944,1611,1281,287,1172,290,20738,516,2748,716,9652,792,750,238,2231,454,8186,138,14.8,1.3,5.1,1.2,20.1,1.8,7.5,0.8,6,0.7,57.9,0.1,7.1,0.1,18.5,1.3,2,0.4,0.9,0.2,15.7,0.4,3.6,0.9,12.5,1,1.2,0.4,3.5,0.7,6.2,0.1,0.1184,0.5787,0.3735,0.2488,0.2663,1.5857,0.2109,1,3e-04,0.7251,0.0331,0.5536,2.3121,0.3945,0.4445,0.4445,0.4445,0.5641,0.5962,0.2393,0.1833,0.86,2.4429,0.4744,6.7852,0.3026,0,0,0,0,0,0,1,0,0,0,0,1,0,0,0,0,0,0,0,0,1,141600,6712,1072,8908,229,8062,0,1396,107,303,149,6,16,1465,366,598,471,10.4,1.6,6.8,0.2,6.1,0,1.1,0.1,0.2,0.1,0,0.1,1.1,0.3,0.5,0.4,"County","National","Florida","FL","12119","Sumter County"
"61","12","Florida","FL","12121","Suwannee County","12121","Suwannee County, Florida",688.585925381384,43881,0,18948,32,15453,448,11388,1409,995,307,3064,542,4883,662,5512,759,9281,278,9317,77,8701,823,700,240,493,207,11180,189,381,205,9491,679,425,163,919,295,1719,35,27.4,3.4,5.5,1.6,19.8,3.5,15.7,2.1,13,1.8,21.2,0.6,21.2,0.2,20.6,1.9,4.5,1.5,1.2,0.5,25.5,0.4,2,1.1,50.1,3.6,2.8,1.1,5.9,1.9,3.9,0.1,0.6946,0.6583,0.3446,0.7891,0.7954,3.282,0.7598,0.6755,0.391,0.839,0.3029,0.6367,2.8451,0.7518,0.615,0.615,0.615,0.3509,0.9975,0.7362,0.5829,0.7496,3.4171,0.9243,10.1592,0.8457,0,0,0,0,0,0,0,0,0,0,0,0,0,0,0,1,0,0,0,1,1,37867,2601,522,4912,402,4547,0,245,109,9,13,0,31,1422,436,45,41,16.8,3.4,11.2,0.9,10.4,0,0.6,0.2,0,0.1,0,0.1,3.2,1,0.1,0.1,"County","National","Florida","FL","12121","Suwannee County"
"62","12","Florida","FL","12123","Taylor County","12123","Taylor County, Florida",1043.33648583871,21421,0,11110,29,7465,395,5137,782,416,166,1463,329,2653,385,1500,396,4371,159,4188,117,3824,532,496,221,207,137,5978,177,71,78,4149,502,145,103,413,172,3054,57,28,4.3,5.8,2.3,19.6,4.3,16.7,2.4,8.2,2.2,20.4,0.7,19.6,0.5,20.8,2.9,6.6,2.9,1,0.7,27.9,0.8,0.7,0.7,37.3,4.5,2,1.4,5.5,2.2,14.3,0.3,0.7162,0.7082,0.3296,0.8221,0.4827,3.0588,0.6911,0.6052,0.2262,0.847,0.6984,0.5861,2.9629,0.8132,0.6402,0.6402,0.6402,0.1254,0.9841,0.5415,0.5177,0.9695,3.1382,0.8177,9.8001,0.8062,0,0,0,0,0,0,0,0,0,0,0,0,0,0,0,1,0,0,1,2,2,20814,1514,314,4328,153,888,0,26,37,45,35,71,125,481,199,139,96,20.3,4.3,20.2,0.7,4.1,0,0.1,0.2,0.2,0.2,0.3,0.6,2.2,0.9,0.6,0.4,"County","National","Florida","FL","12123","Taylor County"
"63","12","Florida","FL","12125","Union County","12125","Union County, Florida",243.554895275284,15524,0,4716,44,4094,150,2531,549,160,96,535,174,2449,372,1194,322,2639,152,3343,0,1880,283,308,146,49,89,4533,38,26,36,2142,276,251,160,150,77,4990,70,24.3,5.3,3.6,2.2,13.1,4.2,22.1,3.4,11.4,3.1,17,1,21.5,0,17.9,2.7,7.5,3.6,0.3,0.6,29.2,0.2,0.6,0.8,45.4,5.9,6.2,3.9,3.7,1.8,32.1,0.5,0.5603,0.2752,0.0325,0.95,0.7165,2.5345,0.5081,0.2759,0.4263,0.6815,0.805,0.2475,2.4362,0.4798,0.6548,0.6548,0.6548,0.1088,0.9955,0.9545,0.2068,0.9971,3.2627,0.8696,8.8882,0.6669,0,0,0,1,0,1,0,0,0,0,0,0,0,0,0,1,1,0,1,3,4,16130,485,168,2577,239,889,0,18,23,37,27,0,23,992,241,20,23,11.8,4,16.6,1.5,5.7,0,0.1,0.1,0.2,0.2,0,0.3,6.4,1.6,0.1,0.1,"County","National","Florida","FL","12125","Union County"
"64","12","Florida","FL","12127","Volusia County","12127","Volusia County, Florida",1101.11526171591,558520,0,273835,151,232673,1646,114478,4263,10601,999,71094,2452,34946,1673,63752,2900,138757,44,97528,26,95468,2755,12344,917,6762,818,173022,994,38943,1613,23084,1250,3532,510,13091,937,14061,332,21,0.8,4.2,0.4,30.6,1,8.4,0.4,11.6,0.5,24.8,0.1,17.5,0.1,17.3,0.5,5.4,0.4,1.3,0.2,31,0.2,14.2,0.6,8.4,0.5,1.5,0.2,5.6,0.4,2.5,0.1,0.3958,0.3853,0.9497,0.3303,0.7273,2.7884,0.5966,0.8686,0.0913,0.6341,0.4922,0.6612,2.7474,0.6914,0.678,0.678,0.678,0.9325,0.4298,0.3608,0.5358,0.5902,2.8491,0.6863,9.0629,0.6987,0,0,1,0,0,1,0,0,0,0,0,0,0,0,1,0,0,0,0,1,2,519903,28718,1683,57687,1092,87375,0,10294,539,816,230,127,67,14614,1438,2109,536,12.3,0.7,10.3,0.2,15.6,0,1.8,0.1,0.1,0.1,0,0.1,2.6,0.3,0.4,0.1,"County","National","Florida","FL","12127","Volusia County"
"65","12","Florida","FL","12129","Wakulla County","12129","Wakulla County, Florida",606.417876128868,33732,0,13843,25,11932,414,4866,1001,573,222,2695,507,2812,451,2165,606,5290,99,6949,66,4083,485,517,189,231,131,7486,277,9,34,4040,507,326,125,402,154,2916,44,15.8,3.3,3.6,1.4,22.6,4.2,11.6,1.9,7,2,15.7,0.3,20.6,0.2,13.2,1.6,4.3,1.6,0.7,0.4,22.2,0.8,0.1,0.2,29.2,3.7,2.7,1,3.4,1.3,8.6,0.1,0.1556,0.2752,0.5819,0.5768,0.3742,1.9637,0.3198,0.1775,0.3213,0.2663,0.2603,0.4776,1.503,0.0423,0.5616,0.5616,0.5616,0.0309,0.9373,0.7165,0.1693,0.9163,2.7703,0.6459,6.7986,0.3058,0,0,0,0,0,0,0,0,0,0,0,0,0,0,0,1,0,0,1,2,2,24444,1456,339,4905,176,1438,0,27,36,83,63,0,31,923,315,110,142,12.2,2.8,14.5,0.5,4.3,0,0.1,0.1,0.2,0.2,0,0.1,2.7,0.9,0.3,0.4,"County","National","Florida","FL","12129","Wakulla County"
"66","12","Florida","FL","12131","Walton County","12131","Walton County, Florida",1038.29747597264,76618,0,56744,37,31491,969,13497,1590,1917,405,7492,827,4572,657,10146,1272,15309,141,15576,0,12032,1044,1677,458,844,301,12958,322,10906,1027,7373,702,842,307,1219,393,1584,18,18,2.1,5.3,1.1,23.8,2.5,8.1,1.2,13.5,1.7,20,0.2,20.3,0,16.1,1.4,5.3,1.4,1.2,0.4,16.9,0.4,19.2,1.8,13,1.2,2.6,1,3.9,1.2,2.1,0,0.2485,0.616,0.678,0.3058,0.8129,2.6612,0.553,0.566,0.2902,0.5301,0.4693,0.6367,2.4923,0.5208,0.4699,0.4699,0.4699,0.9698,0.6163,0.7019,0.2345,0.5145,3.037,0.7703,8.6604,0.6287,0,0,0,0,0,0,0,0,0,0,0,0,0,0,1,0,0,0,0,1,1,75798,3201,514,2816,507,5067,0,847,179,254,102,0,35,3570,506,404,224,10.2,1.6,3.7,0.7,6.6,0,1.1,0.2,0.3,0.1,0,0.1,4.7,0.7,0.5,0.3,"County","National","Florida","FL","12131","Walton County"
"67","12","Florida","FL","12133","Washington County","12133","Washington County, Florida",584.676567103858,25014,0,10874,52,9095,296,7948,835,433,164,1960,343,3087,451,3231,560,4363,53,4991,29,4573,534,841,222,223,162,5917,133,90,51,4037,343,178,91,263,115,2754,45,35.8,3.8,4.8,1.8,21.6,3.7,16.9,2.5,14.4,2.5,17.4,0.2,20,0.1,20.4,2.4,9.2,2.4,0.9,0.7,23.7,0.5,0.8,0.5,37.1,3.2,2,1,2.9,1.2,11,0.2,0.9125,0.518,0.5002,0.8282,0.8479,3.6068,0.8486,0.3096,0.2599,0.8317,0.9192,0.5536,2.874,0.7665,0.5867,0.5867,0.5867,0.1406,0.9831,0.5415,0.1088,0.9465,2.7205,0.6188,9.788,0.8043,1,0,0,0,0,1,0,0,0,1,0,1,0,0,0,1,0,0,1,2,4,22407,1530,264,3495,195,1090,0,251,27,274,78,0,28,794,221,13,21,16.8,2.8,14,0.8,4.4,0,1,0.1,1.1,0.3,0,0.2,3.2,0.9,0.1,0.1,"County","National","Florida","FL","12133","Washington County"
